,A,B,C,D
2000-01-01,0.16618923885763326,0.44264067937972357,-2.82541831881826,-1.2929893804291606
2000-01-02,1.1882149233691774,-0.3745366266054186,-3.4305228560277103,-1.6096078350926608
2000-01-03,1.557795685287067,-0.846496857503414,-4.718461668619203,-0.8853782525519986
2000-01-04,1.6817804882250804,-2.2224880186260947,-6.539141195427856,-0.33763801672031857
2000-01-05,1.6596030420460557,-1.6270397171033484,-7.0312779661328495,0.18293621931555515
2000-01-06,3.3105416925461126,-2.266042265080717,-7.601690298476951,-0.04238093127951206
2000-01-07,4.571300225659595,-2.53911131830026,-7.51023955843273,-0.8495145337844586
2000-01-08,2.8523194972805426,-0.9498488124999944,-7.573737750535773,-0.8984154671573699
2000-01-09,1.372153220136083,0.6736850741382843,-6.973791688943986,-1.248699612355797
2000-01-10,0.14300761277630158,1.1688196129233237,-7.000243010408088,-1.8498726093710984
2000-01-11,-0.3737872369068752,2.1330598834429018,-5.622788950143047,-3.2080387536422084
2000-01-12,-0.5451400375312229,2.336706902393686,-7.351898069067509,-4.244994859131875
2000-01-13,0.5265523599492409,1.427963127245687,-7.870693257557549,-4.80302659159959
2000-01-14,-0.7066223564569857,1.6376003456757604,-7.157354926920598,-3.9772087325457273
2000-01-15,-1.4725718243702897,3.242238529446528,-7.530517330180089,-4.793279418129757
2000-01-16,-2.034190000413734,3.5659749098818923,-8.132622459483429,-4.175980883461706
2000-01-17,-0.6817659770099311,4.337566291899006,-9.232605626602522,-4.247034480274469
2000-01-18,0.052182975951313826,5.61129332257083,-9.036783056922884,-5.7546664976071416
2000-01-19,0.31190410249025385,4.437925351313094,-10.675453682188813,-3.9838111512810164
2000-01-20,1.7165149851808617,3.7546296783564337,-10.758633532259816,-4.525996988717491
2000-01-21,0.7430801520088285,3.6366250340437314,-12.009016399338815,-3.340204590840557
2000-01-22,1.2130801873371948,4.061879308560702,-11.713378377569075,-1.4292420747787689
2000-01-23,2.8621699882962814,5.805118528307315,-10.523950029183526,-0.23881408676847893
2000-01-24,1.205849236253937,6.816726904576138,-8.915877793414532,0.08168788712867991
2000-01-25,-1.237242508606863,5.876964289194564,-8.723909000759072,0.6391276821370918
2000-01-26,-1.7859827030650202,6.232765398918028,-7.771642402868484,0.25058554758449464
2000-01-27,-1.9563121025634462,5.9807212573564925,-6.513466235749676,0.1571769105898041
2000-01-28,-2.008765820797245,5.501990420484901,-6.401484965667184,0.6928842073097435
2000-01-29,-1.3206023903351103,5.637961649243667,-8.160436933250791,0.7243723184840565
2000-01-30,-0.5542458365288738,6.4019385047430974,-9.223689321969054,1.3494522092665302
2000-01-31,-1.1405923785199508,4.408978329986623,-8.980856307902698,0.6481828396220374
2000-02-01,-0.10170142996603149,3.237086892038187,-9.335363176881451,1.0136046207637546
2000-02-02,-2.4594320227085205,4.113520093284248,-8.64854614910222,2.125272729431346
2000-02-03,-4.024126614222383,3.846547366426384,-10.575821066725654,3.6070422229221433
2000-02-04,-3.374953603947149,2.9294968490170326,-10.044572381604764,4.297351278665523
2000-02-05,-2.800759992215438,4.302244991675862,-10.739493307914437,6.401385076173157
2000-02-06,-1.2779089384601652,2.573332425328407,-11.908878783663832,5.711394350334366
2000-02-07,-2.410343236274737,0.8078041098040822,-10.85724204091866,7.177704538329721
2000-02-08,-2.445791040196261,0.8453260860215495,-9.687865252095046,6.76275242863763
2000-02-09,-2.107193516307158,1.4727006872410757,-9.347706367840148,7.133953564899463
2000-02-10,-2.559347420656983,1.2117801895194913,-7.889148024753873,6.645495766347847
2000-02-11,-1.5336906964970753,1.5615326626878878,-5.993551780201806,5.359677577724939
2000-02-12,-2.988743194291506,1.0415710660935635,-5.87684445929868,5.322970599853026
2000-02-13,-3.3655770883505367,1.7155281856988362,-6.178574173621982,4.2108501358586565
2000-02-14,-5.6737925517266525,1.4693543237348763,-5.217223116778829,4.8839430466588105
2000-02-15,-5.525106586767424,1.750360197680848,-4.813957932822169,5.903586803164737
2000-02-16,-5.008188360296376,0.13028387503240224,-4.893308986380461,7.091024258369063
2000-02-17,-5.466471807631614,0.9980678351909715,-4.521446866171651,7.4776382498193765
2000-02-18,-5.9152229608138445,1.875435405690384,-4.538818343680574,6.046168796571792
2000-02-19,-5.719703969193692,2.0892518536367817,-4.425306733185637,6.113807446134794
2000-02-20,-5.276733252082647,2.2020804568099157,-1.9799014245268416,7.6282955113420226
2000-02-21,-5.273688105844512,4.267837350485209,-2.2798649699719267,7.343423878439682
2000-02-22,-5.781418730113949,4.950224705149083,-1.0060106234214945,7.260728924975428
2000-02-23,-6.280104952574407,5.6065961337889965,0.2208504181047637,8.256216550321975
2000-02-24,-6.775271335129744,6.653568327715039,0.7368304024695461,10.671488284389172
2000-02-25,-5.584425092328862,7.834124154987992,-0.0763439377225158,10.901344953983806
2000-02-26,-5.864376838935453,6.772138809788364,-0.24674168000631935,11.92723444643321
2000-02-27,-5.204809045074425,7.168211446944636,-0.12666323025856813,12.737560798313694
2000-02-28,-5.5337970132685985,5.962936005075078,0.2732529896266344,13.302929935180133
2000-02-29,-6.098679322606926,5.389463250901459,2.3491882274686327,13.81846769881006
2000-03-01,-5.592205625411459,7.578225936065612,3.223476978237735,15.051498517207648
2000-03-02,-4.924724604247044,7.880094447807775,3.968362933921196,16.26518754792978
2000-03-03,-3.7539943173245076,6.911628254926841,4.500838707548483,18.055463123104847
2000-03-04,-4.825023335285863,6.278600333195285,4.970829676197629,18.124791063173692
2000-03-05,-4.390710750043308,7.489330956041075,2.80455797234308,17.64231214784977
2000-03-06,-3.7284327358137257,7.053354440478227,3.7453162063270464,17.99479043019405
2000-03-07,-4.230625249780798,7.369917659163721,4.218154632941925,18.805824128859175
2000-03-08,-2.9350569548265733,7.037569307862033,1.7498545321403678,18.095084077729762
2000-03-09,-3.1686731059880673,5.893570665082297,1.9239528803161616,18.4253915488875
2000-03-10,-2.2095109658201832,5.2953486517477995,1.2198014243065554,19.44629430847942
2000-03-11,-3.2599121359780883,6.1959005951828505,1.709410620882016,20.937587636627036
2000-03-12,-2.0558381412926714,4.566155265866804,1.444904489973912,20.94632837745434
2000-03-13,-0.7296462609287155,2.142985946886177,0.2712265076429736,20.576164127158123
2000-03-14,-0.9482680522867997,2.002636080200829,1.1449818718973381,21.715045208470908
2000-03-15,-2.6832734629040376,2.6357889369513203,1.5995908513386985,21.451110862325642
2000-03-16,-3.8147168976778456,1.61150554781574,3.1694373294345173,20.513950895767735
2000-03-17,-3.413500366428028,1.7933631951014994,3.0451635655894664,21.108082883188352
2000-03-18,-6.511648407477663,0.8608644960251804,4.3030495525633965,22.292938783522274
2000-03-19,-7.4574598544128445,0.8342807624402044,5.807341997410843,21.519352693144196
2000-03-20,-7.2570522447136225,1.9946394124638323,7.703312941236306,22.23960224561563
2000-03-21,-7.608944707733991,1.8995106319687904,5.444023793312768,21.728415611432887
2000-03-22,-7.928211106700692,2.802477100193725,6.191299376994231,22.829484890057884
2000-03-23,-6.411572444165916,3.769062345948159,5.554894411548384,24.306478619499646
2000-03-24,-6.725582033369165,3.311734623867623,5.916752101726085,23.652215126986878
2000-03-25,-5.5661471588307005,3.8636611369013543,5.400471308879088,24.89329957653834
2000-03-26,-4.365415045212233,4.132879158333877,6.344558757330305,26.8794782718918
2000-03-27,-5.5910460590906705,3.4294597459426184,6.626906459433394,27.888472518235666
2000-03-28,-4.97248366366476,3.116927695058504,8.10892131129235,27.3236486831426
2000-03-29,-8.126875111196934,3.8176315335876643,10.708472425487741,27.253095622243052
2000-03-30,-7.897795482002804,3.781589453054793,11.32433417519933,26.071160428140008
2000-03-31,-8.6212509629564,3.075988413538595,11.29006282300511,25.101321833846296
2000-04-01,-7.9670964709700955,3.355706878254347,11.549549414182168,25.09703339323895
2000-04-02,-8.793369491325302,3.3306715381226657,11.612812664502645,26.42709597009874
2000-04-03,-8.975047755137652,3.648727643116769,11.787562129178816,26.066860687784857
2000-04-04,-8.212422018432084,5.533126897057318,10.657690555265502,27.614801888520848
2000-04-05,-8.479929091514975,6.6751519475197885,12.040112749605369,26.262903047791195
2000-04-06,-7.598925661776116,6.524583789242333,10.61732044228347,26.526383422585248
2000-04-07,-7.124106407754265,6.57311919892966,10.544105791035419,25.575752240878444
2000-04-08,-4.823963929633496,7.883070398074364,8.540850902855514,25.05349196253383
2000-04-09,-6.020267152793656,8.322515933476405,6.395437005826828,24.9940064751785
2000-04-10,-5.5758674348769866,8.599817970233953,6.18554161628756,26.940632119035513
2000-04-11,-5.151292762153287,7.830922415242869,5.498024496845101,26.12520387334216
2000-04-12,-3.613839380921104,6.672562268385246,6.618834828517579,26.649871685250886
2000-04-13,-4.083771166444638,6.087312745048221,6.167888286850984,27.388871244686456
2000-04-14,-4.612031806665005,7.7435203121994345,6.2079982950186645,28.587359249571406
2000-04-15,-6.313395353538136,6.5026824442524624,4.921105156016947,29.175164439451642
2000-04-16,-6.017552027583953,7.6216349429622285,5.549317044978139,27.71597619146464
2000-04-17,-6.627794896088391,7.5415910942728095,6.712118508890741,28.223033954071028
2000-04-18,-6.870196115286276,6.760649073805009,7.608045412739727,28.43511783463772
2000-04-19,-6.994250267203721,8.541961871221137,7.687699957204933,26.993482688301935
2000-04-20,-5.8276993440712666,7.125401790115763,5.57947552264849,25.56222481109701
2000-04-21,-5.777372901095257,6.786107202288839,6.7592886738439635,25.119632984103628
2000-04-22,-5.016735940626116,6.361101381993163,5.103660303969866,24.991080169373557
2000-04-23,-5.524426145078159,6.6577691141768165,4.490264115542435,26.185444443803117
2000-04-24,-3.66877057856068,8.070916157346723,5.9164321942537015,24.462289861758258
2000-04-25,-4.085784155886288,8.139635050663191,6.039274178338908,23.103259323023188
2000-04-26,-4.676414384933602,7.064759542617713,6.884079491307151,22.64115334100391
2000-04-27,-3.1203730886686496,5.914366539042131,8.153506464538218,22.419381926058204
2000-04-28,-3.7151669735055046,8.135133414898256,6.556852890124482,23.16983066410292
2000-04-29,-4.654116175756405,7.971316563483874,6.457219057170479,23.62597023809698
2000-04-30,-4.666962773777732,7.769361288908228,4.652836921803123,24.8039525186426
2000-05-01,-3.291759926769357,8.103902596050805,3.590935968822657,23.725379646914593
2000-05-02,-2.844654328914479,7.021455672378675,5.870599046377055,25.22724565443759
2000-05-03,-3.757389692016967,5.643798953986342,6.082909582129639,26.737369177418422
2000-05-04,-4.020531179075607,6.730113513190458,7.191829900863978,27.470749843503825
2000-05-05,-4.528366042361625,7.238531484128653,7.824568604583574,25.912924148752413
2000-05-06,-4.739218429200939,7.64820069729615,8.454433850288904,26.872377440125373
2000-05-07,-5.867986150467994,7.734621809176859,7.271534213803252,27.222350345995125
2000-05-08,-4.3768165353592146,8.37970349804914,8.46778257370432,28.1960615199807
2000-05-09,-4.098476932106786,7.607817324644,7.841159140500308,28.619056246143966
2000-05-10,-4.061062953772434,7.45335901866197,9.024066866155472,28.108663767791338
2000-05-11,-2.99508877694013,8.408796685613096,9.685125599734054,26.335942672747557
2000-05-12,-1.9919618772627967,8.205547816240538,10.499606747849944,25.59216464687652
2000-05-13,-1.9081634352351067,9.433155934832154,11.250439824986346,24.972126306010303
2000-05-14,-1.6594362423586824,9.615660915134617,12.280391732106974,23.89774404908594
2000-05-15,-2.3840843346144482,10.229215117802585,11.173782393921739,23.520311606139156
2000-05-16,-2.8308412934384903,11.075373462957511,10.742045784718684,24.816215853202458
2000-05-17,-1.477657501975131,11.659723271895027,9.95426008240568,24.750599707891507
2000-05-18,-2.726418353780172,13.463720514623498,9.283345821542166,25.569929776592925
2000-05-19,-1.5502605691483096,12.838457890986138,9.135723133153277,25.29515376921536
2000-05-20,-1.6119024445095065,12.119822376932145,7.908500863834506,26.59326418706843
2000-05-21,-2.4425160666140817,11.529637902918193,7.925079722712735,27.919620066400217
2000-05-22,-2.379780520503326,12.445212234556383,7.483079189327138,27.91045231445383
2000-05-23,-2.6440325636296422,13.419277467973886,7.822325822695852,26.5761192909769
2000-05-24,-3.4767646575291486,13.475813838291474,8.793520130390387,27.27908428184217
2000-05-25,-2.3162925388197917,13.578953508558069,7.805461133568032,26.06631762138445
2000-05-26,-2.2427959663076282,13.750488616606022,8.078522398277892,24.70562107437802
2000-05-27,-2.141959114796751,12.72912936644437,8.250103050393463,24.078212051196175
2000-05-28,-1.5305715158967692,12.2188080178416,8.752767316336731,22.903668873547048
2000-05-29,-0.5352644273353807,11.329149301978296,8.402278435796093,22.635432371421
2000-05-30,0.35701419207320717,11.158525294128655,7.495520109013177,20.942436583746325
2000-05-31,3.094877802847404,11.182437624876782,7.398174203908113,21.642535807538746
2000-06-01,2.8245945861415143,11.426252096748287,7.051627151304077,21.51238935865534
2000-06-02,5.226823837790693,10.726833221671276,6.832731427121854,22.568646276154908
2000-06-03,7.5416658992755785,10.967006788341982,6.945073931283745,22.863108906506387
2000-06-04,6.930295433824288,13.138930014501266,8.24926761302925,24.071234384568093
2000-06-05,6.2481843246500866,12.766487028009545,7.229808708078348,23.529821497374755
2000-06-06,6.881223952313724,13.042317539668874,7.581430313431628,24.67436659111769
2000-06-07,6.018699834134688,13.699916976947332,7.4226029811372625,25.04702920269609
2000-06-08,7.6063463772091655,13.827577782933137,5.309215962371624,26.050587007882868
2000-06-09,9.850255457628965,13.775695365065342,5.6882802258876035,25.739572724894476
2000-06-10,10.292003674423194,14.841384077410602,4.508788202469212,27.13504183699196
2000-06-11,7.938295825280395,15.16834946280193,3.0364733319748214,27.227100835697346
2000-06-12,9.202715786913213,13.326661724791713,2.554033812548532,27.21377552089585
2000-06-13,9.653654383210148,13.483994591060986,1.810495674516217,26.964526080418175
2000-06-14,10.31723357715572,15.675085868074769,2.317461313718092,25.157016721948455
2000-06-15,11.827108838505602,15.431259625540253,2.481819778200277,26.602247985973044
2000-06-16,11.218891936793417,15.072695250467435,3.7638021861029802,27.15052270421342
2000-06-17,9.967753763828922,15.512747874701086,3.263419392268676,27.993178046762033
2000-06-18,11.021104648802666,14.973568480039452,3.5608776685339265,29.014304368338355
2000-06-19,10.359118155423367,14.91460643253995,4.5841713182481945,29.023732571034117
2000-06-20,9.032385246963553,16.181063986828512,5.3537096302971365,30.125643606351883
2000-06-21,8.739189558088233,14.035551962304101,5.714862023357949,29.42818231164188
2000-06-22,8.401670942560136,13.780703755370093,5.805694192338886,30.215729325850134
2000-06-23,8.29904678911397,12.864371343831245,7.171848620060448,30.340314977698025
2000-06-24,7.8476283813377234,12.515705389391437,7.294078107080588,29.8099650058666
2000-06-25,6.06140066176906,14.07407486654555,7.542886360855159,30.348266534973337
2000-06-26,8.821941916368012,15.097498246332712,8.44824843866268,32.02146486154718
2000-06-27,10.497469340210008,14.804445985842865,7.972634787883158,30.933942679199806
2000-06-28,10.600674598130237,14.815211316328591,7.397041957217931,31.001207034407745
2000-06-29,10.432755902951417,14.104438931741742,6.86326994848346,30.707707319793556
2000-06-30,11.733970113648596,13.716656688523893,5.783750885732671,29.860549632188704
2000-07-01,11.623652799031111,13.74174749339864,5.416599868297799,29.548458656594484
2000-07-02,10.386957084471089,14.902435451508572,4.322462901001206,31.839131386343688
2000-07-03,9.979407024199876,15.509401903350327,4.031614004577636,31.644468531309656
2000-07-04,9.066273185272404,16.20329724716093,3.3468385740331863,32.44275195407139
2000-07-05,9.907163550352099,14.703242064645707,1.9424513870472713,31.967575235719153
2000-07-06,9.735326039977393,14.777922048410769,1.5176172927926548,34.014141957751555
2000-07-07,10.11516813462561,16.467580926691337,1.267108476630031,35.976305891235235
2000-07-08,7.444069559985277,17.211195169474948,2.025559411379847,35.169330714573626
2000-07-09,6.944221780360957,17.85183808963503,3.652684207854024,37.81990226432116
2000-07-10,7.598371209039702,17.399047974908168,4.056731664471269,38.52619091277937
2000-07-11,5.685321966405094,20.42535749568717,3.856282583075448,37.15871320236439
2000-07-12,7.222845022235252,18.457485338750224,4.082715554081456,37.024489697341004
2000-07-13,8.441872918695948,17.804476888205198,5.34142671402543,36.14590913301339
2000-07-14,8.47680883091714,16.834189950051115,5.803513563867496,36.153628641251935
2000-07-15,8.791801890299759,17.74158949992503,5.801552057522582,35.30022670304687
2000-07-16,11.55249261889004,18.941788743316817,5.358426614836515,33.96384102514021
2000-07-17,13.314735973067792,19.4304781084053,7.5708813704100155,35.04192347084576
2000-07-18,13.996114554842656,19.657358167208447,5.58938626610942,33.15270236702988
2000-07-19,15.168264755196384,20.11105588938933,5.6352384268944276,32.430956101002565
2000-07-20,15.630986321186734,20.679167279454845,5.933676223331019,32.745897921674036
2000-07-21,16.556996414830316,20.260348272483842,6.098250625913229,32.27543414443562
2000-07-22,14.349056606387533,20.05969601562805,7.499532413257952,33.19838994038001
2000-07-23,14.418369691758844,18.86143832873759,7.835871937285578,32.42996424148282
2000-07-24,12.784385033481275,17.754652078641158,8.333063142499027,32.905104762197546
2000-07-25,13.518921612652905,18.781180454743243,9.696601094030779,32.89810893506489
2000-07-26,12.608411447043256,19.335138870050308,10.228739711328409,34.03334973392861
2000-07-27,13.508276710517457,17.846077736906874,10.18224714958935,31.652185492457622
2000-07-28,14.4360509683335,18.863269843045853,12.689886490712006,31.935482422242842
2000-07-29,13.545442144149714,18.41306697937744,13.071878898394381,31.46748624654071
2000-07-30,11.443655805923585,17.663435646120448,13.892298108809072,30.23595936935592
2000-07-31,12.37804672942547,18.342553633845924,13.349342090295245,31.071965909803918
2000-08-01,13.232130296359996,17.491827688562033,11.657204011661225,31.238147884865672
2000-08-02,14.718503564930577,16.577738749187684,11.68215270722395,32.07385738105743
2000-08-03,15.791770807737034,18.363758838370476,13.3583659660266,32.12229394439334
2000-08-04,17.438021893053072,19.795123864670536,12.934505521560471,32.159794952747866
2000-08-05,17.956425529704273,19.682180255343194,11.61094156173661,31.60775273527466
2000-08-06,18.252971025878484,19.654410913777205,12.399355849863248,32.90537795565007
2000-08-07,17.780037193170678,20.998410356562648,12.669997519085417,34.9973532566223
2000-08-08,17.751242495743195,23.261281919879252,12.795527597074521,35.1525796594066
2000-08-09,17.495889830175464,25.56319148178325,12.486702207769998,33.238473010585146
2000-08-10,16.25654436872683,26.716748173098768,12.477889488630579,32.83210783405722
2000-08-11,12.783474060365926,26.41330047733574,11.47276839164844,33.3004194345197
2000-08-12,12.905564789223535,27.622075537804278,11.92393698284558,31.696846685833286
2000-08-13,14.10453275167244,27.59459993176035,13.56773662264365,32.307342691197135
2000-08-14,14.353479503379221,27.472948610786826,12.54796647165406,31.897136403570258
2000-08-15,14.360032238226852,27.243316582554044,11.084472414603667,34.20473627000979
2000-08-16,15.430636276270421,27.94248736484552,12.917278306936879,34.139764647915264
2000-08-17,14.218223339048246,27.668457822495306,14.374104195749764,34.2209682089104
2000-08-18,15.748513108874763,26.790290713317486,12.338498227888481,33.077353092507174
2000-08-19,15.92773444529116,26.89207432212822,12.78775608764752,33.0972973998777
2000-08-20,15.70319908010291,27.53333777126579,12.535549329586466,34.13425348434153
2000-08-21,15.892425818149984,28.38227649554689,13.73981280100506,32.99238787157579
2000-08-22,14.599728028314397,27.561975770020144,14.073008344183526,34.12971842230614
2000-08-23,14.052134212065834,26.43397719014655,13.672830274833155,33.378318292579884
2000-08-24,13.390279702162301,25.724003496427223,14.011638938582577,32.49542003370245
2000-08-25,13.884388232199603,26.561308294670177,13.788699649399838,33.6943805088652
2000-08-26,14.058824204068234,25.43306175042406,13.737754449178846,33.50375198860411
2000-08-27,13.572608431816839,25.620038082699,14.448626680563228,34.65845504904368
2000-08-28,12.530295439387274,26.340628735764493,11.391832736137731,35.82455090658129
2000-08-29,13.368396172521988,27.536381088054405,12.88611849719555,34.18659924834292
2000-08-30,12.864906609553312,27.747314326653317,12.615434472495128,34.76883431237318
2000-08-31,13.767244987733198,29.6220193107604,13.344557578145857,33.17390803863651
2000-09-01,12.735747081042843,28.338666969110243,11.68769162200741,33.55867867133797
2000-09-02,14.332544951274134,28.238226775400594,9.694210452580663,34.39214702771693
2000-09-03,15.296654516798462,27.434719309726816,9.199248296402825,34.15813567704477
2000-09-04,14.423151323842768,26.27863663378173,8.010062630246702,33.29414481923018
2000-09-05,15.603764354225829,26.034306839491833,9.502373997364362,33.26362424470715
2000-09-06,16.401142852966544,25.75564114837057,9.579303702710648,34.05770686006785
2000-09-07,17.084116213913354,25.27728085648108,9.20327931327024,33.61430431317458
2000-09-08,14.964752278604394,26.07157387874053,9.466978917259047,33.959101364187205
2000-09-09,14.206738106237891,27.112064249169027,10.978182644027102,35.77293049595837
2000-09-10,13.579499261826214,26.688609275340095,11.584136932048889,35.87107472742831
2000-09-11,14.791723980725559,25.51237825830244,11.118386652273974,37.149621837251246
2000-09-12,13.539700047690435,26.12426888409917,9.882026103684971,38.87935607219755
2000-09-13,13.359516313011037,26.06518778548968,10.065606697120511,38.623248443896124
2000-09-14,13.146207749141775,25.687325069218407,10.217887627442957,40.17161860272669
2000-09-15,15.481664393995462,25.902929085251646,9.975147303857936,39.861411674952556
2000-09-16,14.194170560299321,24.792091438795655,8.998025836347594,39.73355387732844
2000-09-17,15.989332993590478,25.072371884700217,7.402324198215273,39.76645823756458
2000-09-18,16.030655156602194,25.14730690483525,6.357539685514518,40.48072468861624
2000-09-19,15.128280849740172,26.232422376548147,6.864749095759614,41.01853084743815
2000-09-20,15.607422792583446,24.865125378725253,6.418506358725005,42.82785842804682
2000-09-21,16.60085846359964,24.213711542555416,7.953753114772901,42.76336260625013
2000-09-22,15.807949284545884,24.779177514920214,7.913723755452079,42.79307589474986
2000-09-23,15.727927510112876,23.420282575979805,10.39116987390307,43.38803560502026
2000-09-24,14.576467177588958,23.77788793503041,10.647025571371186,41.549406768823495
2000-09-25,13.33546283390008,24.54015020081853,9.605543099212788,39.56811478924201
2000-09-26,13.138452343155615,24.942365818931464,11.86083166331428,37.47282100574751
2000-09-27,11.685897795023351,24.987126588518844,11.886033188436098,36.79128425627303
2000-09-28,11.305030918773351,24.04156069049698,12.826129230755205,36.759350521625485
2000-09-29,11.777170897986121,24.028301043777173,11.389874485210056,36.74581139119412
2000-09-30,10.16770380869049,23.529317153332794,10.339450057979075,36.41455436453568
2000-10-01,9.352653212573088,24.054546616755594,9.912084127657385,35.304320531781
2000-10-02,9.942671868045894,26.109794099064274,10.735116504534393,38.26777412776938
2000-10-03,8.733130929712072,26.321372188163863,8.404190347572568,38.410231260540044
2000-10-04,9.515284167957784,25.261300742833793,8.409910640324716,39.85852765888925
2000-10-05,9.095768131543704,25.295299487985993,9.664196597673923,39.58353944487094
2000-10-06,7.387565469896936,24.800781589568192,8.646814585590356,39.171327082496575
2000-10-07,7.85267087497826,24.806635837560734,9.017631502388566,38.02885036060703
2000-10-08,5.902695383303944,25.092977730010286,8.964061536024094,38.55423431803899
2000-10-09,5.778663408269348,26.010678978897538,7.217375081506987,38.197786931806704
2000-10-10,7.504377552258221,27.249965981495347,9.383539807072673,38.505582671214505
2000-10-11,6.475141546925217,26.081892443315756,10.09460412204714,40.077698772223485
2000-10-12,6.597586587398412,25.002760259957736,9.67148113225174,38.8640225073111
2000-10-13,2.8674272896641484,24.86824910911175,9.947961072052683,38.916744737442535
2000-10-14,2.6069871671414093,24.30788013434297,7.389140128210803,39.91347040116741
2000-10-15,0.9964781215320473,23.81329265026458,7.108992335512697,38.25026959296534
2000-10-16,-0.3738492609075228,22.410901438963908,7.919257763861092,39.857084727140375
2000-10-17,-1.2064898132773028,21.29394259936566,8.65968303315373,39.74613536679146
2000-10-18,-1.2829513391459741,21.520330479267546,8.602632199920802,39.30598777452147
2000-10-19,-0.7621977511471361,22.70130539329437,6.687172254204867,38.20555856833115
2000-10-20,-0.9482879904223703,23.272425105531852,5.2296953758131295,38.4167901574145
2000-10-21,0.5129552445448601,23.179137108014974,4.509786038232025,37.99826749885292
2000-10-22,0.43787226686286307,23.399916432455363,3.7335215901699543,37.38824125248188
2000-10-23,0.783451181996691,24.141031979874924,4.444708855866446,39.112089664419635
2000-10-24,1.435311102692195,25.199722878442962,4.2484961635108425,38.35394726020032
2000-10-25,2.0434414969242916,24.982201783262884,4.229634535877713,37.38547919755535
2000-10-26,2.7059874284784176,24.815773673017308,3.421690529750217,38.235972084777806
2000-10-27,3.510085919027878,24.36081014787813,0.3325669641323086,37.86184681841306
2000-10-28,4.289188783664257,24.4247021587678,-0.585811901960636,37.305628067302465
2000-10-29,3.774900898219636,26.685702779956927,-1.7489157943714297,37.168209734432786
2000-10-30,4.782553381899149,26.172379914494936,0.3418638942153098,38.71226645860744
2000-10-31,5.727509858489116,25.323277849945487,-0.32097464015843147,38.12716613905261
2000-11-01,7.512102365748951,23.60842699091436,-0.6620821765413892,37.87296794837794
2000-11-02,7.345101197547466,24.32052306410946,-1.7762972434636422,36.65035709694484
2000-11-03,6.932288747836819,24.56264537688431,-1.8814540837294929,37.99298312345986
2000-11-04,7.336971824960067,24.72107002917223,-0.3361128160499449,37.961281272961024
2000-11-05,6.6906727915171675,24.368441943266888,-0.6712465435870235,38.30207708041687
2000-11-06,6.70559948660646,24.09104049573303,-1.7398817014062509,36.76789972005093
2000-11-07,6.864886821063341,24.431794477970495,-1.7547911585863514,37.20669732121839
2000-11-08,6.788311071857855,25.909646344776156,-2.1140091434943864,36.74155158907699
2000-11-09,6.461002208729789,26.039801941890243,-2.568638766512306,35.147932044299644
2000-11-10,7.2278354056965535,27.00134963673678,-1.99638744082229,35.24143775725744
2000-11-11,7.044392335000933,27.069502362908747,-2.3326332090307442,33.515134687755314
2000-11-12,5.732597252545559,27.28059706465804,-3.475438831067942,32.84352426488897
2000-11-13,4.5393139029780905,26.45826334806876,-4.016248395843337,33.65072722514521
2000-11-14,5.612149836270838,27.22651347551425,-3.156142728980897,34.654489676958235
2000-11-15,4.771887706959182,26.017817915501126,-2.718859654891634,35.18043615433135
2000-11-16,6.240466094003521,24.647528428261126,-1.3409881801329535,36.41416133854612
2000-11-17,5.482558191944353,25.355322210080093,-1.5602478424548254,36.00736309356582
2000-11-18,6.111537559090032,26.275022179096112,-1.785095536054285,36.10327493018431
2000-11-19,7.074631144639431,25.003641298784068,-1.971611666304762,37.34475427323364
2000-11-20,6.698764818704604,23.352631606125428,-1.6776909681152363,37.71543889018613
2000-11-21,6.396427226626904,21.83710505445639,-1.4124846295503761,39.107933510283075
2000-11-22,7.899336923557733,21.02563757404469,-2.1061510655179716,37.843941853522544
2000-11-23,8.764197669960106,20.010446767912047,-4.012557522306961,38.90343110377708
2000-11-24,8.609395950900783,19.53246607839164,-5.129622149231283,39.512793981669866
2000-11-25,9.725956261033446,19.979376987784722,-4.869217801290608,38.0826816322607
2000-11-26,10.511396410601554,20.922538671229404,-4.062165756910374,37.96368930971818
2000-11-27,12.014003413284033,22.119263498950858,-4.716433367760559,37.11942004896446
2000-11-28,11.34735263742575,21.197746614884238,-4.5268340638356594,37.60966164806223
2000-11-29,10.74906440939074,22.066313497406362,-5.508822979411153,37.07429968952641
2000-11-30,13.9203757245681,21.80117445075889,-4.87648243750945,37.25736917845449
2000-12-01,15.287039971359624,22.857913937733414,-6.790375870251104,36.324428931562394
2000-12-02,16.050541951377035,22.79345937261559,-5.35429060403376,36.057064005644946
2000-12-03,15.868433296020646,23.252302559301413,-7.738450493562827,36.638924773436464
2000-12-04,15.476626909609495,23.313548952988445,-6.793846376859711,36.36555806312404
2000-12-05,15.212500677727764,24.324453362324707,-7.420621221666538,38.30177899719215
2000-12-06,16.08977015961278,22.693956508316145,-8.165046873727787,37.36287684342147
2000-12-07,17.051898747332604,22.68733679526414,-8.700408002191814,38.29281951931921
2000-12-08,17.217831117507256,22.450294002919296,-7.694566482597301,38.03009388893211
2000-12-09,16.784653118189702,21.41186172524238,-9.22112754663297,37.26368349447319
2000-12-10,16.52923359581663,24.057487974151304,-9.892174637708667,37.03363314822002
2000-12-11,16.992250698631263,22.84441300779803,-11.277384682351995,36.319138280813604
2000-12-12,15.670128173907973,22.901687233334275,-12.082414153933108,36.23637800112344
2000-12-13,16.608787617060525,22.67216093454852,-12.603103053619025,35.80113733842617
2000-12-14,17.31369109150846,21.86430745288687,-11.542898659249055,34.95092285629571
2000-12-15,17.770408112898043,22.18036423884468,-12.110335871076765,35.339616935319974
2000-12-16,19.380651488804293,20.45152797476053,-12.341292233425193,36.668939569724486
2000-12-17,19.168816853637832,22.87457308548929,-10.944786062628285,34.846611277720044
2000-12-18,19.286459071060555,23.806397605671346,-12.227045652693015,35.86771247763332
2000-12-19,18.780152545913083,22.800517777894264,-13.10700399990776,35.65629081235522
2000-12-20,19.662951491101527,24.4865467212145,-13.878091139667287,34.9720133396738
2000-12-21,19.088159653321906,25.44153847852651,-13.567790177389584,34.54062555218051
2000-12-22,19.926817919037234,23.750699210937604,-14.944144982153137,34.93669353702031
2000-12-23,19.18142276426341,22.166776023223782,-15.96688570882239,33.82226969199809
2000-12-24,19.350331360290404,21.686024413933954,-17.15894300045212,34.37055052225544
2000-12-25,19.620338152004972,22.767250024668346,-18.147290095651147,33.70045697372242
2000-12-26,17.115071926392822,24.032698519536073,-18.43559747256208,34.52793272661298
2000-12-27,17.427535773225802,26.17100460055975,-18.395614629276206,33.664793858902705
2000-12-28,15.789227099513665,26.85389178276896,-18.91955495604279,34.36330783156696
2000-12-29,16.51849514393804,27.05612816159308,-18.82481628306033,33.830639096123456
2000-12-30,15.493533922387615,27.382809057297145,-18.21169910314591,31.96879613696928
2000-12-31,14.86740109062939,26.657819740637592,-18.349367860195585,31.563104345394123
2001-01-01,13.471556430753221,25.819558757687854,-18.745989145857084,30.985349929965288
2001-01-02,16.424840288240897,23.565110854342844,-20.10815961959766,32.077629758831
2001-01-03,18.443929044682122,22.521153291787595,-19.75401896743742,32.6917749895979
2001-01-04,18.498558197557113,22.757058062656064,-20.60985481215795,32.695160827811385
2001-01-05,16.345420490285875,20.784376586825342,-21.671292254808563,33.09519447137863
2001-01-06,17.07710136695489,22.19186138791571,-22.015937979313975,35.16026814446026
2001-01-07,17.048908014349635,22.38963915872957,-24.27482795899893,35.93733643453949
2001-01-08,17.721507999151687,24.160819125264915,-24.587191422781093,37.31864611933586
2001-01-09,17.806725342314046,24.52254104926522,-23.99247326803519,38.83845967167415
2001-01-10,20.070492525065248,25.230654364949643,-24.05673096336822,38.110626911272874
2001-01-11,19.065808144125885,25.765253535694832,-24.63042146833912,38.34628001968703
2001-01-12,18.26765564355425,24.33774060125255,-21.660499042362083,37.93464557345911
2001-01-13,17.46473239437675,23.818228631548937,-20.745363733467496,39.62920684693181
2001-01-14,17.999940278283272,23.886492416743383,-20.73911584063988,40.0132300377387
2001-01-15,17.629912593694858,24.171599093460284,-20.511745772932947,42.07073090291533
2001-01-16,17.306298209982476,24.27146413605654,-19.66477139050624,44.39696385250024
2001-01-17,18.529554644913684,26.887223489848193,-19.191312694436967,45.85931880105808
2001-01-18,18.728677536107472,26.768018503750735,-19.60076251497204,45.674512168171034
2001-01-19,17.817995851726245,25.301006285795005,-18.384086886414654,45.49767685499349
2001-01-20,18.835128319743383,26.342579093462227,-18.922308062939596,44.617990779711164
2001-01-21,17.515764475179274,26.59249805696627,-19.40699617060787,42.53914890787954
2001-01-22,19.073335706247725,27.21409430321919,-20.52172290769904,44.504101020422574
2001-01-23,18.249452344559344,27.43459552945428,-21.972601020142598,45.413213680617524
2001-01-24,18.57447198116646,28.131396354268478,-21.548054332699582,47.1665265787605
2001-01-25,17.63276331507668,28.4176200639479,-21.14731563779955,47.71653235864536
2001-01-26,18.517496739677558,27.38050465696492,-21.79846801110012,47.82465164497742
2001-01-27,19.516948995957556,28.940136055673335,-20.42257484289732,49.021304922095766
2001-01-28,19.020082773987426,28.243150642063576,-19.605938988176668,50.077450833366754
2001-01-29,18.967322007549914,29.12845637496081,-21.0061070673003,50.30997402053261
2001-01-30,17.171950994463796,29.463460949782935,-20.86033910901683,49.51085282500597
2001-01-31,16.34122097437994,29.51724422913853,-21.089989961364157,49.41333944122541
2001-02-01,17.356108363003216,29.92800274325508,-20.56299214451251,49.13938949782401
2001-02-02,17.38667541574186,29.45173689190716,-20.046764566848907,47.823274138198514
2001-02-03,17.876556814573828,29.127081440628306,-19.959064864345148,48.61150908270611
2001-02-04,17.18389708365211,30.80254690916776,-19.346209653168792,48.062631829514686
2001-02-05,17.329138371253013,30.195651935786625,-19.449493343769454,47.32510868942016
2001-02-06,17.031391991181255,29.483012063357926,-19.943938118245995,49.91633488591878
2001-02-07,14.515558281725822,27.894404674152305,-18.198472720387624,49.5421859437911
2001-02-08,14.991113958931976,30.383254486918975,-18.03717791869836,48.8690582247274
2001-02-09,13.428190029704364,29.011045827822507,-17.335324555984865,48.00066249402122
2001-02-10,14.521934272056798,27.833476729283916,-16.397844962815686,48.41696590392921
2001-02-11,13.280627634885668,27.47029919765326,-16.097999472633543,49.32257698252201
2001-02-12,13.426684527722564,28.402914631003178,-14.976536764861311,49.705696934543646
2001-02-13,13.789641399509257,29.889573840876754,-16.420032026110007,50.17315484263601
2001-02-14,13.765895422132125,30.82377303623105,-14.92666984193637,50.18802546362678
2001-02-15,12.432141219095609,31.522087926519493,-14.085704094425521,49.34002620871872
2001-02-16,11.992774461693017,32.67601687346205,-17.09134887984407,49.653360837565586
2001-02-17,11.632709985399346,31.984577639583943,-18.928618562090893,49.21160390622773
2001-02-18,12.466069458239094,32.480470024839654,-16.746713222927358,49.96979373659086
2001-02-19,13.140928325003005,33.176324705592,-16.80457485697915,51.04985541726479
2001-02-20,13.181532488411989,32.480372744913794,-16.687785941064675,52.37097163391197
2001-02-21,12.064546351488655,32.51808765928099,-16.14567693724892,51.22649497067257
2001-02-22,11.849290331531842,31.09972511976815,-18.176915886964768,53.84366671922152
2001-02-23,12.543709041535493,32.802744045352114,-15.673566126690671,54.1429831958691
2001-02-24,11.438493263231203,33.11366830781795,-15.82162922906373,53.373977995684214
2001-02-25,11.017660145657166,34.20240966624921,-15.704063355956738,52.69936552116296
2001-02-26,9.977359738772957,33.450223468123234,-16.045194643353312,50.45849669946149
2001-02-27,9.837993125977583,33.917456617989636,-16.907464219151,50.004286092647625
2001-02-28,9.767429672542729,32.54155988761285,-16.05544523592174,49.868836715073996
2001-03-01,10.528377998920416,31.017953345670556,-15.774403820133113,49.39209061387707
2001-03-02,10.810484171422376,31.009074873212487,-15.713893620883093,50.016829321455454
2001-03-03,12.040726725408046,31.608199602220804,-15.182434456365375,49.506188974798924
2001-03-04,11.786171897745245,31.018500924815136,-15.816358246636504,49.018774998916335
2001-03-05,12.378938511204625,31.152538967359426,-14.07080258195362,48.72579187262283
2001-03-06,11.62304499318468,31.987744375068033,-13.591264299441212,50.298084424079526
2001-03-07,12.05094729242503,32.47666962870394,-13.401001610877229,51.11619475989601
2001-03-08,10.696300250499888,30.81678508342822,-12.72042491697979,51.18446182816044
2001-03-09,10.24459187608846,29.32517584159706,-13.575598106346437,49.08022407277779
2001-03-10,10.276847540323935,29.2022837512827,-12.488234014081202,50.74288813392743
2001-03-11,10.029811070930021,28.514567399371085,-11.164562242369941,51.22814440296661
2001-03-12,10.02257745656968,29.18121376442309,-11.957407274239777,51.364026374714356
2001-03-13,10.775442459606143,28.757064829738,-10.91402323633544,48.75732862200298
2001-03-14,11.887334467178054,30.066291982630712,-10.930650255091448,49.53888983327363
2001-03-15,12.180294355457518,31.004323875821417,-9.481218478329229,49.35867686539397
2001-03-16,12.055082060818801,30.68518918438512,-10.63686117147206,49.35464618204687
2001-03-17,11.543694033042215,31.32874924891582,-10.129340553075245,45.91805163528409
2001-03-18,12.61317113110456,31.010979255359274,-10.394973152995005,45.37648556281608
2001-03-19,13.791483718797336,30.16266928990578,-11.658976401911435,45.158485090495745
2001-03-20,12.78378229953395,31.434261674309163,-10.719006412363523,44.66939392291659
2001-03-21,15.514944135291138,33.66587756407586,-9.287004542463631,45.48494094425923
2001-03-22,14.670319150190315,33.0579811925417,-10.072674486707973,44.880990015910015
2001-03-23,14.668257225766386,34.431322840645485,-9.35927179963912,45.05719399173241
2001-03-24,17.25031896567922,34.45708617431513,-8.726857842062664,44.841270769419246
2001-03-25,14.820034163200534,32.92593479226809,-6.896075569944281,45.21292155641842
2001-03-26,15.769959289700633,32.39203560553328,-7.696417564260564,44.01715412825541
2001-03-27,14.458702091111293,31.779675052790264,-7.349258962036604,43.80524020190744
2001-03-28,12.451256808737094,31.108491282251194,-7.37956000398821,42.65784521704337
2001-03-29,12.253592722543,30.207951835134484,-7.581858522946384,43.45936174451921
2001-03-30,10.946491965326917,30.007443869247215,-7.882683068415111,44.236269117579894
2001-03-31,10.767453717707482,28.88543257531683,-7.566499717062541,44.82880195313018
2001-04-01,10.465169291339372,29.48269660670058,-7.921693749190014,44.00402894846537
2001-04-02,10.967453975026217,29.09927525614492,-7.838150846155196,42.30061953480653
2001-04-03,10.21555131134635,31.200606886298306,-8.117254899701313,43.06653034216001
2001-04-04,11.841542023482463,31.65140262559165,-7.46684045464824,41.895341903031614
2001-04-05,13.082190183162611,33.73362968427062,-6.862204648929781,41.256738714233634
2001-04-06,12.97122120118561,33.16331079627061,-7.610670622988909,40.88020760869005
2001-04-07,14.859567688683267,31.95585304778323,-8.88471767925762,41.46775030248677
2001-04-08,14.425219617920112,31.862849484080453,-9.270815328412544,41.44608066592285
2001-04-09,14.567633900985596,32.981810748325756,-6.650023137174475,41.784451485044386
2001-04-10,13.48365588261533,35.2200162981089,-6.553832991002082,43.254778945437465
2001-04-11,14.77337666917959,34.55915624561839,-6.439657709673446,44.517583054328966
2001-04-12,14.590827259546582,35.02203410182493,-5.223539697956346,44.98495980309468
2001-04-13,14.041825149803577,33.34673437125122,-5.642341485407886,46.238714427892205
2001-04-14,14.629413574530014,33.55514388640288,-4.95445331091983,46.928727170028985
2001-04-15,14.594929860500597,33.41613679105231,-4.163445933957645,46.739478748752106
2001-04-16,13.934229895018738,32.52740522042421,-4.970849938141264,47.339941310803525
2001-04-17,14.901122139780334,30.89019419400483,-4.692752170955383,48.745646630116966
2001-04-18,14.827448952977857,29.844420566206544,-4.5630387978505835,48.7446398856826
2001-04-19,14.505501643060184,30.45960439097647,-4.746562216412002,46.60181596571306
2001-04-20,13.394031110714728,32.059672519619234,-6.132305935006954,46.10580278252271
2001-04-21,12.231854571804039,32.139546331870974,-6.362183920099198,44.95697477478499
2001-04-22,10.26529702913946,32.50285195812631,-6.382421380790944,45.730344399085226
2001-04-23,8.494422546787161,31.933662800498485,-8.125828866437342,45.685591695166636
2001-04-24,8.560291606703235,31.50321085704982,-8.239236806257717,48.032131697836604
2001-04-25,8.444010414692082,31.512523136679345,-6.871338690835206,47.87283234074107
2001-04-26,8.07506077055176,31.084183928798904,-6.083953840108471,48.79811202517204
2001-04-27,6.884148337999136,31.82121164584202,-8.70787185859733,50.60199905903104
2001-04-28,6.362691761328516,31.78512339550294,-9.307408959901334,49.43128902923532
2001-04-29,6.54122534203218,32.26031671466713,-9.425280780776943,50.80222215788751
2001-04-30,6.278492270277123,32.85985315696309,-10.60373366148431,49.83079499505912
2001-05-01,5.513633602323088,32.384703575821575,-10.920945997027111,48.172168430753274
2001-05-02,4.74408830246113,35.0580695268511,-10.379580890238516,47.73019676798131
2001-05-03,4.63246126766249,35.006216791144475,-11.34144794477551,46.53939915641197
2001-05-04,3.964439240372796,36.18343720663358,-12.993818097987507,46.40767401180861
2001-05-05,4.062234833912657,36.44419909519049,-11.906456565082767,45.47161412224288
2001-05-06,4.728861813093636,35.833160854459464,-12.720023347427949,45.23394426700003
2001-05-07,5.498545487088723,34.703634327001815,-12.438596164717048,44.61138366589107
2001-05-08,4.450716466252306,36.02069033952562,-12.387929361333258,45.76095403711692
2001-05-09,4.627142537232512,35.757942920376365,-10.529050475706967,45.15766375947242
2001-05-10,4.61902202702574,36.24639822377052,-10.485367238860418,45.71973750607256
2001-05-11,3.404212747269585,36.753099607225224,-11.382126611706212,47.99401131429345
2001-05-12,6.444648576040748,36.994273225524715,-11.66301691781503,47.17116465746437
2001-05-13,7.715549167399784,37.91549055074838,-11.07633594372428,46.14093129993249
2001-05-14,7.848337772780091,37.64360464647423,-11.205375742439855,45.11547167165665
2001-05-15,8.033136022490469,35.94354000163681,-10.511334615876326,46.45311336457855
2001-05-16,7.37699290986094,36.50649707073855,-10.130947530136341,47.99840918092228
2001-05-17,5.515993624110561,35.538462394978154,-9.89158987785689,47.80829743541846
2001-05-18,7.324594309527529,34.50849088129155,-10.472436672404273,46.69632844357432
2001-05-19,7.882471130373537,34.00081931043464,-8.941102095186977,45.66198353865696
2001-05-20,7.7253606238436845,34.59728110961071,-10.368411829561346,47.190945138970164
2001-05-21,8.294152520975262,35.416494998712494,-11.342183310288178,46.1642554374301
2001-05-22,8.161323081617068,35.48874617264915,-13.428646373435575,47.226545721926286
2001-05-23,9.313120567886624,34.28526300517943,-12.918086091815088,47.826537599468004
2001-05-24,9.42665301753458,35.02851388936244,-13.63575557950754,48.77260154678148
2001-05-25,8.985810495392004,34.48614680325789,-13.704648995180584,50.32823532123197
2001-05-26,9.216921721440666,34.376184818068666,-13.331490867048657,50.52981959487636
2001-05-27,10.11164052906087,32.63181349347034,-13.946746636401805,49.91889044015156
2001-05-28,9.59887472726673,32.5904864212532,-12.499069317439748,50.20627410986031
2001-05-29,9.92236838938206,33.011821799564956,-13.116279572449267,50.34432044809624
2001-05-30,8.764794278012783,31.454888382714394,-13.089224737929023,49.02218852109438
2001-05-31,9.096990095138374,31.910140114631123,-14.096625157052115,50.40585026055913
2001-06-01,10.319301166336318,31.004126928172063,-15.175455157526162,49.92491486733642
2001-06-02,9.242414915545677,29.836005536087907,-14.58925189651728,47.11339456267613
2001-06-03,10.067941120829659,28.450453858080472,-13.825872355574344,46.43567267183002
2001-06-04,10.572786391282335,28.86572200200051,-13.621597729747075,46.69793512236293
2001-06-05,8.883875585268402,27.05096321367901,-13.381946658579785,47.08850538420717
2001-06-06,9.615664551900531,28.13843261048985,-14.328982183590323,47.462343736198434
2001-06-07,10.46868883212339,28.604841988948184,-14.741890193834907,47.27369567281878
2001-06-08,9.835895078019332,28.18114211619834,-15.308823983690479,48.48406238542409
2001-06-09,9.420911489015564,27.184238208998558,-15.71083137777024,46.92648033346045
2001-06-10,8.5423541033745,27.212299726647593,-16.264694082931747,47.598604423248354
2001-06-11,9.889370628342464,26.67874705438463,-16.829630304399284,48.28883990912742
2001-06-12,9.657827951250441,25.97683254765725,-16.410134800980174,49.43044376724123
2001-06-13,9.35735240027326,25.416521946514706,-16.861542849627387,48.55106426810439
2001-06-14,10.332851483163887,24.64520309401675,-15.732105353622426,48.71991275020526
2001-06-15,9.482161076986065,23.9654192964697,-15.61342450616868,48.20700367802488
2001-06-16,9.212453696896999,23.707904727431337,-15.329951779754985,48.71252748884249
2001-06-17,8.252173882700488,23.45722521088193,-13.374528545630415,48.596543186618604
2001-06-18,7.90757106581507,23.282154999026147,-15.318361654882706,49.93096874481595
2001-06-19,6.602379297346604,23.285061503156637,-14.987735367441422,48.275865614616336
2001-06-20,5.407417719387016,23.393318149121257,-15.276173461832864,47.29004928860403
2001-06-21,6.081149790788149,22.645533398199895,-17.075773166332862,49.39357283078573
2001-06-22,4.825125095223302,22.613642433126127,-16.805116583741018,49.25439415226953
2001-06-23,4.317526530423695,23.308407485205347,-17.004691211936798,48.68823967168475
2001-06-24,5.128627973078821,22.067407334289236,-16.698747055836186,49.15515998336112
2001-06-25,5.478559877113094,22.370659128529265,-14.714274183704644,49.47301805204881
2001-06-26,4.904110778008051,20.94835599113219,-14.397755908386692,50.995123496466384
2001-06-27,4.309709119264137,20.98428399913525,-16.680584531337928,50.4955788958371
2001-06-28,4.898091054122058,22.281912961384876,-17.38443455516566,48.50363977220446
2001-06-29,4.6765247149455815,23.559209037952392,-14.756172909094056,47.01421637880537
2001-06-30,5.595869079155852,24.403469157496453,-13.54901982588645,47.729943582418784
2001-07-01,5.016645727074303,25.806628536629766,-15.345731085539049,47.78909167694681
2001-07-02,5.411083579949866,27.652579259729823,-15.062487823226919,47.3997172583439
2001-07-03,5.42059949432073,28.47102289891499,-14.02057721940073,46.83537156215032
2001-07-04,6.69006623132084,27.133438354743802,-14.830237467851482,47.74599098823129
2001-07-05,7.434019181763322,28.469242280877854,-15.999723080397096,46.620589137848945
2001-07-06,8.11818830221852,28.309178081532487,-16.404464716575035,47.59265991268077
2001-07-07,8.268317904897748,29.266410801536125,-17.68084585788929,47.400190212385134
2001-07-08,8.66418999098188,29.672352824402605,-17.61847775459169,45.232473686788616
2001-07-09,9.580816530758806,30.297524097720547,-17.627212406565793,45.39845527173372
2001-07-10,8.91289241409903,28.004145613643587,-17.869596438555003,45.73539781133628
2001-07-11,8.012899400423743,26.00078778223761,-18.53147519452767,46.1582987980124
2001-07-12,7.6372056977241805,25.89786303960719,-19.017556370348483,45.57251091273209
2001-07-13,7.455956361133058,26.097766999518626,-19.09163312091328,45.020500510247324
2001-07-14,7.847968919204788,26.86380971941836,-18.291983052894942,45.660737684202815
2001-07-15,6.939171229815981,26.139364627506428,-16.70431638785368,45.4317166383544
2001-07-16,5.680761777701409,26.0083488895419,-15.809409406185438,44.43195969642587
2001-07-17,5.766251022638955,24.723849086735385,-15.649341950580974,43.46555716556612
2001-07-18,5.320940061378391,23.294732745162783,-14.89616868807989,42.13140678869274
2001-07-19,5.354096730758389,21.586398000506676,-13.3943299326185,42.59863212586543
2001-07-20,4.9854129677682115,20.949681363883315,-13.022016842520951,40.787612237778475
2001-07-21,5.710285557964889,22.14165399472803,-15.656240952280166,41.84319698338834
2001-07-22,5.992304592914885,22.328228454730716,-16.150831888912506,42.10335487248747
2001-07-23,5.654531270954594,22.374394322308255,-15.839752749610827,42.54551109236053
2001-07-24,5.534965188152479,21.824832217316395,-16.6804939050831,41.65291282703593
2001-07-25,3.535462319989287,22.733573418820498,-15.882055067663996,41.95532238381728
2001-07-26,3.9172892204390957,21.91365852605529,-18.263603843532497,43.327744488282804
2001-07-27,2.3674576080217884,20.71343966472012,-18.589363213473536,41.22744094352729
2001-07-28,1.8095724978433116,20.61869999884413,-19.026037713197127,40.3482888579859
2001-07-29,0.8298118356367928,21.03758408106316,-18.575391852289375,39.71763488066572
2001-07-30,0.38871289944705933,22.946558714482432,-17.118667229008928,39.12871478993231
2001-07-31,1.4616085284571803,21.573601615209842,-16.749048608768316,38.43312462775798
2001-08-01,2.668862641069377,20.242148038241677,-16.39169612743339,39.41065366380513
2001-08-02,2.132693706444497,19.953096481437292,-16.95906087365136,40.45987281565075
2001-08-03,1.9379576412830852,21.192428604811308,-16.322103038917504,38.331448406322494
2001-08-04,3.166360629511036,19.070577830101477,-16.18580927918376,39.383261851482274
2001-08-05,2.401707272221168,18.809349594421384,-16.022268734151307,39.363985925772134
2001-08-06,0.7233121981461579,18.84135473989259,-16.546764089574122,39.06126954383
2001-08-07,-0.013809496195719029,18.97677661205799,-16.92818562061741,37.45930318461944
2001-08-08,0.3341272077621141,19.361919320358577,-18.187734443821025,38.78272245251961
2001-08-09,0.7639315858355682,18.383817383148923,-17.5303864844857,39.37597199363118
2001-08-10,-0.20832238571288753,19.145671865219573,-17.563724751429433,39.133500500111765
2001-08-11,-1.7333152941956242,20.533346995081434,-17.193251431654826,39.06903341552443
2001-08-12,-1.4067546105549387,20.067521798914417,-17.387486641292114,37.35734898329679
2001-08-13,-0.4354022184904677,21.766030706556695,-17.20105375915407,38.65796663359105
2001-08-14,-1.526515192489685,23.21471370700993,-17.208557046149686,37.695750142416365
2001-08-15,-2.1150067226161147,22.127856857082907,-17.126297123851586,37.4164992237472
2001-08-16,-1.0701580102759953,22.272950210907247,-18.32803669765865,36.47102828920373
2001-08-17,-1.0736237230894934,22.67650680673348,-17.96907300182633,37.8393485651978
2001-08-18,-1.9896341519974923,24.094586912672096,-18.77903232250748,38.588220473386535
2001-08-19,-1.0033582593194592,23.453639667741538,-17.819935856056716,39.768689620667914
2001-08-20,-1.2899857881187886,23.15502711994212,-17.025136186987343,39.40414547899402
2001-08-21,-1.0745991475685963,23.32833469742944,-16.452472237061674,37.879458596284806
2001-08-22,0.4021359778970677,22.08501589305569,-16.367319297170432,39.45600414418684
2001-08-23,1.9363572637386945,20.639057143694586,-15.900101038780331,41.30151029720478
2001-08-24,2.273107576233988,21.12699895063421,-15.786679117133012,41.32727433885978
2001-08-25,2.534219053642749,20.19286383990798,-13.947489202693,39.91026256123665
2001-08-26,1.9142871610042245,21.86964990837579,-15.880660080897997,40.117514912860706
2001-08-27,1.3450923732405098,21.476958231452745,-14.919401097805155,40.9620754073581
2001-08-28,3.0204117857978674,20.194352281831993,-16.622328906686842,41.9104968827509
2001-08-29,2.6939291450225613,19.101698622745037,-17.66524505556131,42.748305937545254
2001-08-30,1.8130858218781563,18.874069364855814,-17.95597337785734,43.45917534091147
2001-08-31,0.26552867825902515,19.226090357809166,-17.896536846556316,43.083595217752794
2001-09-01,1.5809448856032757,16.96447285642232,-19.250901067591762,43.26004448973903
2001-09-02,1.6187828246494593,18.098435642808347,-20.706686369176968,43.196674124475464
2001-09-03,0.7610446725027297,18.645352250277917,-23.90193652109901,42.47044571529574
2001-09-04,0.9541222450060116,17.01011068698409,-23.750154655683527,41.310383310701816
2001-09-05,1.6987317743253099,17.715414868031495,-23.819533661277642,41.895767935801004
2001-09-06,1.9631376325453986,18.119834581552837,-24.248582720934746,41.61726770520035
2001-09-07,2.7339477398261978,16.24709824775818,-25.75771190596923,41.48840758448486
2001-09-08,2.483830809313115,15.793182397848259,-24.939835157070192,40.73342407044434
2001-09-09,2.6918011545774903,16.978152525308797,-24.79734200618281,39.91540171860974
2001-09-10,1.832809281908923,15.982718956754209,-25.410375523131712,39.57480551533038
2001-09-11,2.7646268561450893,15.159859924032348,-24.515920855021193,39.68023174290459
2001-09-12,2.7249544117485076,15.758470645383262,-23.352147330793866,39.922936494425024
2001-09-13,2.9943145220305665,15.73653905225991,-24.285137970932983,38.472004850145105
2001-09-14,2.483140770237337,15.843613246659755,-25.82918820564274,37.309664356781525
2001-09-15,1.6258488295823894,16.328509290837317,-27.011525215350446,37.13520560710614
2001-09-16,0.9964234869098733,16.884757363321558,-29.269580399875515,36.95489423282861
2001-09-17,0.33421042193798967,17.46862704974156,-30.194276641382988,37.23197515020275
2001-09-18,-1.892965265937482,17.75314672748062,-32.73124271631542,36.75155160331166
2001-09-19,-1.1669488533600068,17.549053101927715,-33.07154863435549,36.476617196551636
2001-09-20,-1.9742093766858408,18.304969214706887,-32.998708092426035,37.30131780737554
2001-09-21,-0.8240039391062794,18.7890524900716,-33.38075861136038,37.93123909372312
2001-09-22,-0.7481116947772827,20.2665332856992,-33.12123228687762,37.383747655368644
2001-09-23,0.18750073102230091,19.459169454871873,-32.8751386477702,35.89339607031502
2001-09-24,0.9175135742848228,18.397478378492323,-30.777411504370114,34.3418015344434
2001-09-25,1.3231754686518378,19.499740758232,-30.520788454957014,34.09999226538275
2001-09-26,0.5559695767698425,18.32256127359402,-31.182509560343327,35.0358371100939
2001-09-27,-0.24405626469028086,18.41287969314728,-31.265353384666724,34.7082755461158
2001-09-28,-0.2737795682562621,18.01787126452781,-31.390084025189825,34.37373595306486
2001-09-29,-2.456507152386332,19.43709661896363,-31.790322065816998,34.749157840821795
2001-09-30,-2.4297519182869265,18.969185169485897,-33.222692644020455,34.61908566191878
2001-10-01,-2.4426105285738418,18.804040317413023,-33.434002505034094,35.16534091592412
2001-10-02,-1.5822113067166677,20.22693631983767,-34.83949431410824,34.10438911201814
2001-10-03,-1.5219887230531823,19.01467822453151,-34.99771085903691,34.719487166768275
2001-10-04,-1.8033684642429022,20.30024746958735,-35.66371022785414,34.24060823518419
2001-10-05,-1.0583101227197815,20.114626107946687,-34.22301382732246,32.713757989612695
2001-10-06,-0.33145082780917645,19.979653109927433,-31.77225445584139,32.469475360607696
2001-10-07,0.0929621937441576,19.801505047484486,-32.522259237137014,31.499983116318525
2001-10-08,-0.23183336755169914,20.534824093028487,-31.10617146161477,30.737512420569896
2001-10-09,-0.865527690790107,20.331954159546513,-32.329942012508475,30.064864660954115
2001-10-10,-0.6582108123996098,20.348244984984557,-31.983926850022275,30.714681662309175
2001-10-11,-1.0676157584911874,19.31167548424517,-32.51771533173083,30.682187118022043
2001-10-12,-1.3483007206640854,20.7601965540038,-33.82219703606419,30.678838258468044
2001-10-13,-2.183180680609222,20.77617646571564,-34.36599237477053,30.20048151041173
2001-10-14,-1.9732357679645691,22.211344734318562,-35.48360663032454,29.106477681329995
2001-10-15,-2.1356695682491234,21.597641907764988,-35.72239086491277,29.1297581839896
2001-10-16,-3.2294264404053994,21.42195391488334,-35.434801535702476,28.511251524182626
2001-10-17,-2.453560806923158,22.09849750908602,-35.22332729538255,28.768546764240963
2001-10-18,-2.3988329733845237,21.790591789976787,-34.595897582692295,26.723651409682187
2001-10-19,-1.0446882382348404,22.657011739918065,-35.575790366815184,27.550087021146197
2001-10-20,-1.449088147214943,23.6115452123489,-37.097874611643,27.412882447136145
2001-10-21,-1.4666031262475767,25.142349625380717,-36.464456300159405,27.312093496564763
2001-10-22,-1.738185844591642,25.891104866800404,-35.95075574531095,27.176939336708198
2001-10-23,-2.380268014639343,25.066397780428353,-36.457009968259605,29.33398606106217
2001-10-24,-1.5397567577477773,25.56810860581594,-36.49120055738414,28.97877003311733
2001-10-25,-1.5691336097061024,25.256931645533104,-38.948465133251105,27.638491553595053
2001-10-26,-1.3098331656603448,26.6031930331397,-39.66308310276402,28.260344766237903
2001-10-27,-1.489826878909232,28.648744763915463,-38.975580284976736,27.91961999323984
2001-10-28,-1.4609425523232908,28.753633887592105,-39.31009294527216,29.514682305161188
2001-10-29,-1.2008111445616692,28.70484697459354,-38.931911126003016,29.731297091748164
2001-10-30,-1.2023465138906662,29.39337856204117,-39.17585104179649,30.408736412564966
2001-10-31,-0.7753070338410062,30.053425364429845,-38.198347240207674,29.623388875790695
2001-11-01,-0.9679445621073376,30.592586764546187,-37.95766154400558,28.54242353971051
2001-11-02,-2.519105316641879,30.357554196345312,-37.49967575180877,28.149510775170167
2001-11-03,-3.9161086045046742,28.29246240992468,-37.31779853890807,29.379463320836006
2001-11-04,-3.92872130252789,28.195022918737077,-37.346654530974305,29.82687600849709
2001-11-05,-4.667016357159953,28.05399827481383,-36.71302946176225,29.57686098353595
2001-11-06,-5.3778942172762,29.194073930083075,-34.831355441529944,31.047129937137328
2001-11-07,-5.209780446503567,29.335480626031188,-36.185106394698565,30.72167844808236
2001-11-08,-4.1369785281582185,28.93511279486542,-35.960811317005415,30.508923494389567
2001-11-09,-3.729133556981038,29.295809787141042,-35.320867453374305,29.353785093168256
2001-11-10,-2.3218312576201807,27.938574106148756,-34.791679891472995,29.429984649277195
2001-11-11,-3.1860668245484187,26.315617024751848,-35.032261802110575,28.15666743414348
2001-11-12,-2.643570816777772,25.988339335395036,-34.84340887603172,28.397329272499032
2001-11-13,-1.511416810833328,25.026382680565828,-34.70351435888314,26.214174464207435
2001-11-14,0.09506480607927448,23.687208578475648,-36.478361197027944,26.925208322615237
2001-11-15,0.4880405207483756,23.1594621911516,-36.26787336320966,28.251195409513606
2001-11-16,1.5385331412854204,23.04712410672803,-36.19241933651962,28.55163845868808
2001-11-17,2.356239102221241,24.366484316419367,-34.40328908196764,28.665715097212125
2001-11-18,3.2996150171926453,23.758809551656363,-34.044714650900325,29.047028760969045
2001-11-19,2.041584619944005,24.051057692496524,-33.07820990725724,29.848824424926704
2001-11-20,2.2794770947785765,24.305844876803857,-32.60691831957521,28.11961813953696
2001-11-21,3.50245991696019,23.783903743345228,-31.56257247347238,28.19659707720248
2001-11-22,4.58619569886586,23.619761042157208,-31.72170959705583,31.127753565604728
2001-11-23,3.295120976144588,23.508934051975714,-32.445218958064885,31.689961315879614
2001-11-24,2.7149303107411935,23.730903272889233,-32.50185704784184,32.20028217075701
2001-11-25,2.373481286887766,24.386809374328507,-31.387305363925424,31.865842754302744
2001-11-26,2.9328784995736443,25.553607667241803,-32.237921700503634,31.69087730367603
2001-11-27,4.4583477093802495,25.048465091082562,-32.24346669541306,32.28689331317161
2001-11-28,4.375416951509219,25.21939239525279,-33.56938546607741,32.17175897365532
2001-11-29,5.569751824601235,27.61778427885105,-33.16052953588168,31.547489808949802
2001-11-30,4.864595497531014,27.772879953532343,-33.78264164849372,30.252006816069123
2001-12-01,5.4408540306873086,26.65553047996138,-34.35374729715686,28.477663118353657
2001-12-02,5.957446469421669,27.464838546052267,-32.60325955563753,28.925425167528076
2001-12-03,5.668936338613289,27.90187034038475,-31.761350795818828,29.45947809454339
2001-12-04,5.393121609812037,28.76764683263954,-33.444861459867994,31.33905699139136
2001-12-05,3.813328169569195,29.933297575631666,-35.416631051763666,31.87224137045497
2001-12-06,2.257840753225767,29.47398322854977,-36.04806304118327,34.381968925749256
2001-12-07,2.28134392075399,30.308770760463243,-35.148261093441555,33.87859046438079
2001-12-08,1.5260921324001218,29.67165010641745,-34.41680966660205,35.764690860792534
2001-12-09,0.7957505236625955,29.580412974593386,-33.803108769601764,36.719717925982785
2001-12-10,2.0821830928179086,26.74371727993077,-34.52854056401246,36.184171190123486
2001-12-11,2.4113886522643617,25.95477747024631,-35.02903367292103,36.141808016897116
2001-12-12,3.881486311417369,25.016308512731324,-34.589183869970896,36.83819958391
2001-12-13,5.499174415272001,24.72148539349925,-34.163618053260215,35.871738968235846
2001-12-14,4.221058168321592,26.330883448111987,-34.746663403527954,36.19841926398144
2001-12-15,5.013966535836969,24.993868963056226,-34.58722639215349,34.24828457656046
2001-12-16,3.8116433712359905,25.279023415348888,-34.53887632752957,35.03840418182746
2001-12-17,3.125526372394135,25.095875530171444,-33.71238240316073,35.902631783669214
2001-12-18,2.317743471117998,23.943153246378962,-33.93119164693028,36.41353906708132
2001-12-19,2.5758309214724666,23.585594219639994,-31.94863943475437,38.311070674800554
2001-12-20,3.762245167215679,25.014947984538487,-31.878047307798997,38.34603235447013
2001-12-21,2.1454215980566103,26.357423738677767,-32.28662055013066,39.497485566952975
2001-12-22,2.975851579992704,27.269397215866107,-33.567848975487095,40.942682379376905
2001-12-23,3.7402091259211843,28.059039168207065,-33.654465442300896,39.64983465416779
2001-12-24,3.836291766485921,27.60853456979959,-33.70737525252478,38.502698013212736
2001-12-25,1.8492176501692947,28.7143669756931,-34.0355828237749,39.75363370776659
2001-12-26,2.2426021376048872,27.73157740633392,-32.71995326853949,38.981481978671674
2001-12-27,2.3198837407310715,27.65783658110363,-32.39428246402993,39.78023115025695
2001-12-28,3.122659568574815,27.384850823007323,-34.39812740368224,39.900708837413006
2001-12-29,1.7320598606240984,27.346406785143813,-33.798712211770365,38.95157266906788
2001-12-30,0.520472959099783,26.60597214871281,-34.2800808177895,38.68084534971516
2001-12-31,1.091378744171228,26.903257322669077,-33.62870330099202,38.34984423864701
2002-01-01,0.20819280135060314,27.72042148142148,-32.7929411941312,37.578549972863165
2002-01-02,-0.29326707759068793,26.86278390191533,-32.24915971931624,36.16977681594575
2002-01-03,1.4517545329752002,25.82159987401092,-31.830489449885697,35.17048207368299
2002-01-04,1.5531970017618668,26.287423837011964,-30.57490195979885,34.88486650582651
2002-01-05,2.083375323309343,25.77665764540077,-30.046555339648936,32.80249610382611
2002-01-06,2.2064825806453388,24.80581004655597,-31.20240284303087,31.37767067370948
2002-01-07,3.3663464898735507,24.03571398551825,-32.72047594875424,31.299847042811955
2002-01-08,4.004963943036191,24.10308243462437,-31.061113713985804,30.49702672333747
2002-01-09,3.580540390926324,23.502815120180404,-31.039237165438266,30.767062784181597
2002-01-10,4.212111260172657,23.737246104854645,-32.85362020024315,29.956237355700985
2002-01-11,5.4720408447489035,23.79533941831938,-33.88559881158478,30.549424059812846
2002-01-12,5.971663009055197,25.689119024473815,-33.1653915603094,29.974678275665944
2002-01-13,4.906911369188991,26.191471421598997,-34.08043218891796,30.456451476980916
2002-01-14,6.397391800179184,25.1769054203336,-33.12930060436014,30.309554122970663
2002-01-15,7.017514159924741,25.912505820244615,-33.711489805044955,30.692887298720603
2002-01-16,6.899804746724627,23.870965089159572,-34.159241451337486,28.941439674062998
2002-01-17,7.192073738917324,22.047280530346256,-34.89525770161809,28.934689498786167
2002-01-18,6.198939366507873,21.928466806443303,-35.92673114213888,28.517465033283987
2002-01-19,8.134345777476396,21.3314252344272,-35.54976350370946,26.69995238185732
2002-01-20,8.111046222028065,21.550633316925914,-34.2828904143154,27.4211288795811
2002-01-21,7.294821758416452,21.82855599251235,-34.433931631631516,27.64335654463682
2002-01-22,6.459192544739211,19.88718734128982,-34.80096341267663,27.484774546315595
2002-01-23,5.5863718814091925,18.96870276471541,-35.12209429555878,27.713496917274785
2002-01-24,7.255019114300945,19.099835028542216,-35.70941373652919,26.834736366049377
2002-01-25,7.057434992245387,18.735909741411547,-36.23815046985402,24.925016423925726
2002-01-26,7.117990463818158,18.59878132773965,-33.84648057344396,25.221897149146674
2002-01-27,7.533559313607185,18.99629316619721,-34.648368329134236,26.319704136397426
2002-01-28,8.689528584533535,18.805218498787564,-33.33373403609229,25.870853102141314
2002-01-29,8.914141340977814,18.74480902517812,-31.39622986819414,25.68217547354721
2002-01-30,9.197616172819528,17.225740159694706,-31.05031716959656,25.88013784448046
2002-01-31,11.344661483223195,16.61311708629004,-31.101272939604655,24.96469298070007
2002-02-01,10.872014690336053,15.987816092171165,-30.23609831621054,25.39752404371642
2002-02-02,12.250696183789621,15.93715148821781,-29.4138114855465,25.032367048900273
2002-02-03,12.004707826271407,17.337512435369558,-30.46263501121178,24.302301173569873
2002-02-04,12.991296055809865,17.810164343514742,-29.483601805268734,23.46707587633937
2002-02-05,14.13346412922205,19.23452322791377,-29.632216630221993,23.349669196244204
2002-02-06,14.573910546576407,17.379728311864657,-29.884222823208486,22.84064584576769
2002-02-07,15.078873598582888,17.101334634380517,-29.31619711263887,23.227963039300757
2002-02-08,15.846088171548752,17.315701957503798,-29.966845639006436,24.52165132333482
2002-02-09,15.746762640415003,15.670018888769073,-30.463670583575347,23.829037789262884
2002-02-10,15.929390829497397,16.8319306388075,-32.05106678377952,24.980934446601033
2002-02-11,16.307995356659323,16.276355322323834,-32.11032781455622,25.410508969160293
2002-02-12,17.052169868652037,17.42008681876492,-33.6239659091375,24.61705477468744
2002-02-13,14.703417428518346,17.453442666448673,-35.7337137912014,26.124848031076922
2002-02-14,12.822887076801795,17.790016366680117,-34.851302079085556,25.647987276114353
2002-02-15,12.300946037898253,18.75624936941366,-35.31445583905677,25.87828910594983
2002-02-16,11.601496224245944,20.016657115082317,-34.13815337868601,26.61067774180353
2002-02-17,12.608015311404383,22.42695962507631,-33.868809466207715,26.547720327374865
2002-02-18,13.886045166824882,22.08609630220328,-34.38514449472757,26.109310235912176
2002-02-19,15.902790695699448,22.934915532935143,-34.03852187343263,28.61746501452234
2002-02-20,16.67004854396171,21.717351699172717,-34.263769541187926,27.28723053122975
2002-02-21,19.011300951938473,21.98461945801638,-35.6813922311511,26.803468416969036
2002-02-22,20.792729532982058,21.005982094558476,-34.837728481300225,27.565189207850107
2002-02-23,22.17266541369849,21.613776201268706,-35.712994660989786,27.26474268450046
2002-02-24,22.318877092082786,22.86188033489372,-35.59438682893661,25.75342648959307
2002-02-25,21.092940558362603,22.83376133337187,-36.73641443281979,26.792150215341795
2002-02-26,21.159210774001664,23.462686933524704,-35.789644231974606,25.746738796796077
2002-02-27,20.866703115454076,22.999529848654962,-36.41491647317463,25.650993873660738
2002-02-28,21.835498585133934,24.032157759702717,-34.851408662586614,26.381894199266853
2002-03-01,21.37449294546553,23.6176490967075,-35.28135745806625,26.914227090666564
2002-03-02,20.22922243206555,22.41627991510996,-35.1807338140041,27.089415921120004
2002-03-03,20.877582773184283,23.13441298564844,-34.74178095393283,26.919925346300445
2002-03-04,19.274127316710416,23.631351864984907,-35.447308967065545,26.224814667759798
2002-03-05,19.750009100092143,21.43768918458547,-35.94436366538536,26.68445745978406
2002-03-06,19.655959735541586,22.814271013664424,-37.15172806890935,25.436284828502416
2002-03-07,18.93018906491392,24.149379790012027,-37.7914283560819,24.98608258403563
2002-03-08,20.49262057174241,24.642666855113355,-38.6863026272081,24.865896406254144
2002-03-09,19.765797856964042,25.200402287690245,-39.165005513894194,23.61996433503796
2002-03-10,19.9887605100549,23.29478124437232,-39.68142856091043,22.56135886654553
2002-03-11,20.652995917742096,23.981536025962438,-39.41981069415511,21.145580878495704
2002-03-12,18.236661201237027,25.063657850837256,-39.29898649428446,19.7056826495674
2002-03-13,18.28414965248601,24.823315492418207,-38.75687673622575,18.433293256076542
2002-03-14,18.602701181424525,22.588759893296494,-38.78045029875958,19.09319943586473
2002-03-15,17.74265754016725,22.269903983262864,-36.93253521211225,18.930724789645083
2002-03-16,18.501030703542508,20.785218096249253,-37.79925808228926,19.528697188999573
2002-03-17,17.4204245828724,19.7266204198631,-38.14434368330179,19.23173782529159
2002-03-18,16.82255569053953,20.652345796991114,-37.72508804549479,20.114443380638733
2002-03-19,17.635436737252164,20.045275088607475,-38.83813389731057,20.636416364760578
2002-03-20,17.38818078950395,16.971423218714772,-40.273676300832115,21.112448514915705
2002-03-21,16.650723217235704,18.809055172806588,-41.33254259111008,20.819212663232054
2002-03-22,16.89469252415496,20.01403737942598,-41.484241655324865,21.443462985748873
2002-03-23,15.173704822105686,21.30825455479185,-39.95592392270835,22.498956419581297
2002-03-24,14.025553703344286,21.56108180110279,-39.47749283870528,22.199483562422074
2002-03-25,13.49142168166221,21.883372447204156,-40.49717987039759,20.224953572641613
2002-03-26,13.652831008351287,21.627220894166484,-40.60753136383429,21.476503562542955
2002-03-27,14.051965326889718,21.81071676177671,-39.85782525563093,21.72538585658678
2002-03-28,12.347761401230866,21.311273722073484,-39.4883964466451,20.279589978591122
2002-03-29,11.196340367655917,21.129443760959173,-39.30800782942709,20.3493147890641
2002-03-30,11.425844363184117,22.040637271269517,-40.82113859083169,19.819553917040707
2002-03-31,9.594778804705705,22.946578369890364,-40.92412001194395,20.358420741256122
2002-04-01,8.644631298594675,22.425870005153598,-41.259942506126315,20.393436616503262
2002-04-02,7.460009550378809,22.756598642608868,-41.529668337337014,20.753861133905296
2002-04-03,7.193087695686073,23.357438735818924,-43.20022026474856,20.0620683302352
2002-04-04,4.115882776264688,21.553576407378486,-43.342218246527146,19.065285725607325
2002-04-05,4.782480511988924,22.28820548674593,-42.42726774032025,17.219374084959053
2002-04-06,4.191643277235956,23.714576034745942,-41.295727260085435,17.605982477435738
2002-04-07,5.265526136135248,22.978475110868015,-39.87163051540107,16.486453372322305
2002-04-08,5.013777379072095,22.785211021764,-41.297274821945,15.111701476711076
2002-04-09,5.425446882960667,25.655150958782734,-41.321051152684944,15.011395405007143
2002-04-10,5.916413872500952,24.736071301253514,-41.04759701495766,16.109629330662774
2002-04-11,6.71846583219534,25.258520602785477,-42.2821052648923,16.736369730027413
2002-04-12,7.57154334493457,25.286292063351528,-43.130980798040156,13.94536943256414
2002-04-13,8.555240618989153,24.40614922149468,-44.36760771619866,13.524232681343257
2002-04-14,9.069804527885644,24.178847486642866,-43.600864551975796,14.119238091252235
2002-04-15,10.398201678146387,23.300952368031027,-43.507901974695216,16.15725659902662
2002-04-16,9.270536402300788,22.52312355565781,-43.10547074119518,15.247261660175845
2002-04-17,12.608005595711822,21.367540529329343,-43.60141369310382,14.993003101328288
2002-04-18,12.44968374832746,19.67335267053754,-43.71910253070852,13.565030126380464
2002-04-19,11.54119715148763,18.447249014716164,-44.661021784673764,13.75962713016884
2002-04-20,10.60319556944041,18.8707830669571,-44.96736741215403,13.596939979132697
2002-04-21,8.35529450425699,19.75306156467177,-44.737448922185976,15.596661940011849
2002-04-22,6.894357851766914,21.46568929105686,-44.99812284524103,16.4662059281914
2002-04-23,7.756663474953843,21.38424730823199,-46.19304066088611,17.892959974765713
2002-04-24,6.098721463356419,21.56803957324032,-48.17371911778868,18.147481760557508
2002-04-25,5.819136633971459,20.69461202644583,-48.591539435843536,19.02612742543164
2002-04-26,6.497130497678136,21.218370087660407,-47.373341921822906,20.63058379196054
2002-04-27,7.071553797445009,21.89575963456416,-46.26112200834631,21.89036094954082
2002-04-28,5.33695481937565,22.039343164368262,-45.125264229921676,22.838957987585392
2002-04-29,5.006534049234948,22.329827805369934,-45.078435601410355,23.43651910016329
2002-04-30,4.898510052444163,22.721773929401866,-45.77717045040708,23.30075048418059
2002-05-01,6.746683028855853,24.037971947620925,-45.40725564626305,22.95751008532662
2002-05-02,8.204101034648723,24.290208893040326,-44.38004315304357,21.28127658631065
2002-05-03,8.062697118404385,24.020177487513646,-44.746616280590764,23.88049317503617
2002-05-04,8.463771626536362,25.685156057717347,-45.644920401393584,23.943386725324064
2002-05-05,10.242638729934951,25.20111587589846,-46.42536350877242,25.196705041474637
2002-05-06,9.689910350313207,23.444925889198192,-47.537462379707215,25.528895406331102
2002-05-07,7.990790032025719,22.307200321702364,-47.447733779328594,26.313444632649876
2002-05-08,9.530247088686108,24.805834242187572,-46.805193352174804,26.93910147078861
2002-05-09,9.040621455280375,24.112339851540955,-45.9956462819003,27.820830843155377
2002-05-10,7.334241767562677,25.840605189085796,-45.93886352294041,27.84465397570475
2002-05-11,8.862764793446308,24.91841755592401,-45.91673265991115,28.656082829857144
2002-05-12,7.111893814300913,23.030826110998298,-46.651029964045414,28.337714708634245
2002-05-13,8.076998458498112,22.54188611820686,-45.98644451526404,27.27783990841104
2002-05-14,10.386433548329176,20.395906118998397,-46.218688929117995,25.48741954612538
2002-05-15,12.00409825592742,18.93713715946468,-44.78648878145789,25.6940007292967
2002-05-16,11.881063735599197,20.628615318668977,-45.54211502832772,27.50449133289263
2002-05-17,12.674507671641695,22.382205035053474,-45.740268321801324,28.280773355810787
2002-05-18,12.15184774773573,21.397932565731708,-46.426194892740334,28.55759594763321
2002-05-19,14.553251089903693,19.723895325221257,-45.48588491273461,28.796367810182247
2002-05-20,15.432852102684432,19.927029170055867,-45.488266838009096,28.41493710226315
2002-05-21,15.080268467921885,18.516098989439996,-44.605732163256036,27.600184203107194
2002-05-22,12.618784365923378,18.365754835175363,-46.35323634083025,27.52233827235839
2002-05-23,12.954232743455076,17.478371886492127,-45.566325964105516,27.838895436583783
2002-05-24,12.07582870803889,19.30853586296885,-45.57673528123888,27.877674618221807
2002-05-25,11.967460150646142,19.97806904726658,-45.74637500509287,29.646369534645473
2002-05-26,11.307795590824146,21.213458504746455,-47.521036624052535,29.991258847071492
2002-05-27,10.267671311731387,20.078025808304336,-49.256367986416855,28.745794066207548
2002-05-28,11.393996442239043,19.247257772375786,-47.861223775619884,28.539052851059253
2002-05-29,11.558437910130408,18.67482604882071,-46.48242287787109,28.492666937301912
2002-05-30,11.626873317602662,19.549183711230306,-47.14153733665485,28.585776296945586
2002-05-31,10.014359526372079,19.28750361556075,-46.58575787423687,29.819967968143015
2002-06-01,9.533945416053676,20.332531427981746,-47.012133770981556,29.399913136081814
2002-06-02,8.188095261257654,21.2046016934207,-46.78648914616918,31.106065588484242
2002-06-03,8.908778980178923,20.106586558831474,-47.963170618414814,33.31434931000317
2002-06-04,8.692315964740027,22.878848823207203,-48.4940289029013,32.74691016397942
2002-06-05,8.0460401146187,22.63157385600743,-49.71416643911763,32.06145473593491
2002-06-06,7.556799134310935,23.5561228205561,-49.326165559400806,31.919184366739145
2002-06-07,5.754533428887536,24.28200636797586,-49.01044033430986,31.844905089480093
2002-06-08,7.350430258401907,25.399874430534,-47.597519385569946,30.182182722619903
2002-06-09,7.301447176811012,24.333067513540644,-47.77073601955224,29.212666045572554
2002-06-10,9.111516592601443,23.08984867444666,-48.241557827536106,31.28344760814037
2002-06-11,8.688342175717144,22.27819888370733,-48.33417735127595,32.82969479930538
2002-06-12,8.25526211152458,24.1543375084963,-48.26849001244915,34.33406344212623
2002-06-13,8.620987915217341,25.518213842420572,-48.02686889579556,36.014023209417665
2002-06-14,9.21507853978441,25.35169319923425,-46.5771671269227,36.85149432389826
2002-06-15,8.233962839267363,23.76665948972046,-48.59926123559191,37.39868181168822
2002-06-16,7.431252086903855,24.114030730897113,-47.915869167868806,35.40093400006147
2002-06-17,8.638185038333424,23.477831693907394,-47.23145197921476,33.7794230977566
2002-06-18,9.533826496712585,25.016245423849405,-47.59979960718837,34.59974184816852
2002-06-19,8.501451492886499,26.90636639338496,-47.07841711582017,35.043946654590975
2002-06-20,8.99254018390937,25.68767930293423,-46.98317128174399,35.322481336806476
2002-06-21,8.175889876635678,25.227903373582098,-45.18650422761906,36.32260198141143
2002-06-22,8.048169208352407,24.997416123574375,-45.76867236904364,33.39145353350489
2002-06-23,7.016239758571578,25.420292416337595,-44.563792565414886,35.010506439247756
2002-06-24,7.868802732289832,26.140091113036156,-44.037406568191045,34.23821668618422
2002-06-25,8.631774657374615,26.59441424307505,-43.043634482201945,34.26472287923841
2002-06-26,7.856730764508279,27.378347185943603,-42.68658950932601,32.78130930861748
2002-06-27,8.417619929182008,26.245195913166416,-41.14312972165867,31.846536088758896
2002-06-28,8.463948098825318,24.89019313367544,-39.71074367843242,31.89189736167634
2002-06-29,7.327756711663071,24.3233942411577,-39.136960005125815,33.63942697134478
2002-06-30,6.109591183124206,24.304963494887424,-38.56832942777808,33.87429967672535
2002-07-01,5.1040489624274,22.25189449730259,-39.44079405180712,35.07727197805234
2002-07-02,7.510347579702959,21.322796205352695,-41.61770838391466,35.893842311812406
2002-07-03,7.834956973091668,21.48798718309725,-41.25250283336333,36.82473531497826
2002-07-04,7.1558885060327455,20.95758524517168,-40.590326674909925,37.31812873295154
2002-07-05,8.05531162077723,21.15998692688785,-42.154279058879595,38.035330765834274
2002-07-06,7.169318775456697,21.83823241902386,-40.546030814718314,38.56002158952023
2002-07-07,6.359918576062088,21.255377091567507,-41.45909761992732,38.70677415191517
2002-07-08,8.075653664108174,21.338229091389447,-40.87824093789176,38.95880130384344
2002-07-09,6.725849453807829,21.207665766984615,-43.17796213063488,39.13700161238596
2002-07-10,8.592549747357335,20.966861172799813,-42.850085847371666,39.43172943254308
2002-07-11,7.943390747572091,22.967061791694952,-44.313244317172064,39.413450678655096
2002-07-12,6.639924324907448,22.72290313664779,-42.38443898971251,41.345589975249105
2002-07-13,6.847649496354095,24.51321440458219,-42.36602906479519,42.673588419408595
2002-07-14,7.618291637013263,24.941687472627077,-42.19961630689068,42.81691373169781
2002-07-15,9.323048759556253,24.660164701485794,-41.9205796058831,43.56511736433061
2002-07-16,7.358274370609002,24.974825089897017,-42.387301648248,44.215809835291196
2002-07-17,8.271340159048306,24.850566766755417,-44.31751018259643,43.73315828449419
2002-07-18,8.946167496234022,25.185783171964772,-44.775155242788536,41.58593184908954
2002-07-19,10.308795866394659,23.764533716494576,-45.270857593159995,40.52061952802077
2002-07-20,9.63144164451654,24.832529993817573,-47.2887345938738,41.51874329016478
2002-07-21,10.190711708057165,25.269062568498267,-47.24871358978615,41.19950021817854
2002-07-22,9.00690389455438,24.401862085003373,-46.22416176725042,39.93978858358653
2002-07-23,8.335662607110159,23.999195373901298,-47.58667739963285,40.05740631448192
2002-07-24,8.537853088139137,25.002523016952434,-48.54571250699901,38.31263274659052
2002-07-25,8.061192389900159,25.502445696736867,-48.573873878793876,38.710202083238016
2002-07-26,7.503359296528216,25.675810547970727,-47.67069637272254,39.09867031628448
2002-07-27,7.3146870518446505,25.548461297124263,-49.36637445803949,40.23053938837632
2002-07-28,7.162261508490554,25.479715505017808,-49.87713854188549,39.81875730174213
2002-07-29,7.712142907487489,25.364344949465437,-49.398271004761256,41.08706409523494
2002-07-30,9.555620746533158,25.52768362883675,-49.874803876170034,42.94432616962449
2002-07-31,8.026260524470812,25.622330966066727,-49.12292744414917,44.565705723749296
2002-08-01,7.865513881031452,24.600664863841214,-50.63402820426978,46.06226275180462
2002-08-02,8.393545664223039,24.2903254210056,-48.8465822398684,46.3334272655585
2002-08-03,8.26351789696803,23.15863246055853,-48.177625893575794,45.25342919275007
2002-08-04,7.279070387552433,22.29347029719219,-47.82334633035103,46.031731820180866
2002-08-05,7.508937439739614,23.235817417963634,-47.71873094151667,47.137711237298795
2002-08-06,7.968541897143618,22.730357185020942,-50.412944137464685,47.872914074091355
2002-08-07,7.94418383882501,21.643824078804855,-52.449893867287216,46.907269462635846
2002-08-08,6.51243551613675,22.59526378985952,-53.94164251887886,46.445100405433635
2002-08-09,8.519090734830094,22.559957011709923,-52.82715886264583,45.33869463876593
2002-08-10,9.332841474330301,23.749762829748246,-53.12278149811139,45.57455255216036
2002-08-11,7.7961904355403275,25.822376076438793,-52.252141274436724,45.39994658020949
2002-08-12,6.995785373150376,25.85179708652763,-51.391695744076436,44.13388839790524
2002-08-13,5.0329809196873505,24.31002505030818,-51.86452608201009,44.65028745873985
2002-08-14,3.5811856659076824,24.943366367658328,-51.180939488383785,48.3744147018531
2002-08-15,2.0731394564688044,26.325661632847538,-49.753886622284824,48.13479425790336
2002-08-16,2.450553589958115,24.598027756829904,-51.1922724310827,49.37001044261795
2002-08-17,1.5492595236100684,25.071435439996122,-51.192504847053804,50.13914939888528
2002-08-18,3.29285190088073,25.297112939768553,-50.654075219134796,50.134272025799056
2002-08-19,3.693793903555245,25.735136633204988,-52.27042410642656,51.26702062668942
2002-08-20,3.1668765564181767,25.777158996261512,-51.37331651640648,50.63737680910176
2002-08-21,1.707846944158624,27.18338327059288,-51.794060875038355,50.025966124284366
2002-08-22,0.285557894702837,26.70169165959202,-51.09425069974773,50.3106822269566
2002-08-23,0.8630926712377789,26.510010653773143,-50.7640865712372,48.494052420642404
2002-08-24,1.4322116765787574,24.990319647800863,-51.0848701545941,50.57774414891907
2002-08-25,2.0121408429764256,26.039262625549615,-52.161868808415576,48.966889622417625
2002-08-26,1.0953751688146254,27.48856750606671,-54.10333212899418,49.22207818750973
2002-08-27,0.7851025161880401,29.247266305021295,-54.227757263013,48.404633753652114
2002-08-28,1.344436843453047,29.82837115687278,-55.01416189138962,49.80666389426906
2002-08-29,1.8833163652521048,30.265161822979618,-55.30226685677938,51.143834195326484
2002-08-30,2.6017884525083366,28.913587280419332,-55.77496879964975,54.37604466613358
2002-08-31,1.7568562090012505,29.54916363989784,-56.16642685470607,51.78045856345844
2002-09-01,2.227740902250181,30.551430198296337,-55.70256848825979,52.19533262739356
2002-09-02,1.9447053454068666,31.711278182934745,-57.392689503435975,53.3307461488615
2002-09-03,2.597537717210198,31.168946677122452,-57.190958634030785,53.9321785550882
2002-09-04,2.9166805474278004,30.832194662236507,-55.828642637070416,55.97311531154295
2002-09-05,2.7531257084594505,32.478667098592986,-57.54901531013617,55.14736833822469
2002-09-06,1.9881856896440318,31.00847616109097,-58.15145773749437,56.70380017244595
2002-09-07,3.463653957261769,30.789641950660407,-55.74726393948176,58.50862498141636
2002-09-08,3.940727571521955,30.577699417641163,-55.39850556045056,58.16567696219691
2002-09-09,3.96486493786667,31.169935441242252,-57.42902067929666,57.0932671771402
2002-09-10,3.2267087699630315,29.929439463330926,-56.62148055113374,56.118932303548526
2002-09-11,3.427124377813649,29.97665580313522,-56.714455454086,54.47882395899119
2002-09-12,2.0952981394357204,28.712223286547093,-54.524404979810384,55.662580420029265
2002-09-13,1.4187843482707891,30.01122379115545,-55.26165599784802,55.85625134432103
2002-09-14,1.2051712576634428,30.604849914524646,-56.981665595973276,56.02538202862671
2002-09-15,3.017055590635872,32.845997116182886,-56.159841901441624,56.043129889936246
2002-09-16,4.656923097026681,31.406899705049216,-54.89349777415672,57.8713245814737
2002-09-17,4.939278734300493,31.374548383066042,-54.725743098455425,57.37715432949573
2002-09-18,3.7136418336835266,31.878309814473127,-55.08279904557988,59.146630065929344
2002-09-19,4.350085592604978,32.104278473771224,-54.313898439408156,60.79311406773705
2002-09-20,4.85514362453423,33.03287068150554,-54.27015673841293,62.213596517119456
2002-09-21,4.173552873537647,32.13185577371838,-55.68398759727446,62.478204069668756
2002-09-22,5.649466906317756,32.46553847866852,-56.47508134573424,62.78653559904574
2002-09-23,4.17996795533641,31.36829922871671,-55.109348955663116,64.32271925121165
2002-09-24,4.379566320312803,30.543334805594764,-55.968745887595226,65.651515620649
2002-09-25,4.0010068347166285,30.251389577394512,-55.75401908886469,65.61757827112685
2002-09-26,3.7908109155699465,30.24484064752295,-57.44759320309797,64.94618559187566
